student_id,peer_rating
S001,3.22
S002,4.34
S003,4.93
S004,
S005,3.45
S006,3.69
S007,2.91
S008,3.33
S009,2.67
S010,3.62
S011,4.06
S012,2.91
S013,3.61
S014,4.13
S015,3.23
S016,3.58
S017,4.48
S018,3.97
S019,3.13
S020,3.39
S021,2.18
S022,4.5
S023,2.51
S024,
S025,4.55
S026,2.1
S027,2.76
S028,4.35
S029,3.72
S030,4.15
S031,4.57
S032,3.63
S033,3.89
S034,3.35
S035,2.6
S036,3.76
S037,4.1
S038,2.86
S039,3.53
S040,3.38
